file,line,type,commit,author,date,time,timezone,datetime,depth,length
style.css,1,css,e0b0cfac,Christian Kumagai,2025-04-09,20:44:21,-07:00,2025-04-09T20:44:21-07:00,0,0
style.css,2,css,f8a5462d,Christian Kumagai,2025-04-03,21:40:45,-07:00,2025-04-03T21:40:45-07:00,0,4
style.css,3,css,e0b0cfac,Christian Kumagai,2025-04-09,20:44:21,-07:00,2025-04-09T20:44:21-07:00,1,23
style.css,4,css,e0b0cfac,Christian Kumagai,2025-04-09,20:44:21,-07:00,2025-04-09T20:44:21-07:00,1,15
style.css,5,css,e0b0cfac,Christian Kumagai,2025-04-09,20:44:21,-07:00,2025-04-09T20:44:21-07:00,1,18
style.css,6,css,e0b0cfac,Christian Kumagai,2025-04-09,20:44:21,-07:00,2025-04-09T20:44:21-07:00,1,18
style.css,7,css,e0b0cfac,Christian Kumagai,2025-04-09,20:44:21,-07:00,2025-04-09T20:44:21-07:00,0,0
style.css,8,css,e0b0cfac,Christian Kumagai,2025-04-09,20:44:21,-07:00,2025-04-09T20:44:21-07:00,0,0
style.css,9,css,e0b0cfac,Christian Kumagai,2025-04-09,20:44:21,-07:00,2025-04-09T20:44:21-07:00,0,0
style.css,10,css,e0b0cfac,Christian Kumagai,2025-04-09,20:44:21,-07:00,2025-04-09T20:44:21-07:00,0,5
style.css,11,css,e0b0cfac,Christian Kumagai,2025-04-09,20:44:21,-07:00,2025-04-09T20:44:21-07:00,1,31
style.css,12,css,e0b0cfac,Christian Kumagai,2025-04-09,20:44:21,-07:00,2025-04-09T20:44:21-07:00,0,0
style.css,13,css,e0b0cfac,Christian Kumagai,2025-04-09,20:44:21,-07:00,2025-04-09T20:44:21-07:00,0,0
style.css,14,css,e0b0cfac,Christian Kumagai,2025-04-09,20:44:21,-07:00,2025-04-09T20:44:21-07:00,0,0
style.css,15,css,e0b0cfac,Christian Kumagai,2025-04-09,20:44:21,-07:00,2025-04-09T20:44:21-07:00,0,4
style.css,16,css,87ada7ff,Christian Kumagai,2025-04-17,20:12:52,-07:00,2025-04-17T20:12:52-07:00,1,23
style.css,17,css,e0b0cfac,Christian Kumagai,2025-04-09,20:44:21,-07:00,2025-04-09T20:44:21-07:00,1,32
style.css,18,css,e0b0cfac,Christian Kumagai,2025-04-09,20:44:21,-07:00,2025-04-09T20:44:21-07:00,0,0
style.css,19,css,e0b0cfac,Christian Kumagai,2025-04-09,20:44:21,-07:00,2025-04-09T20:44:21-07:00,0,0
style.css,20,css,e0b0cfac,Christian Kumagai,2025-04-09,20:44:21,-07:00,2025-04-09T20:44:21-07:00,0,3
style.css,21,css,e0b0cfac,Christian Kumagai,2025-04-09,20:44:21,-07:00,2025-04-09T20:44:21-07:00,1,12
style.css,22,css,e0b0cfac,Christian Kumagai,2025-04-09,20:44:21,-07:00,2025-04-09T20:44:21-07:00,1,7
style.css,23,css,e0b0cfac,Christian Kumagai,2025-04-09,20:44:21,-07:00,2025-04-09T20:44:21-07:00,1,33
style.css,24,css,e0b0cfac,Christian Kumagai,2025-04-09,20:44:21,-07:00,2025-04-09T20:44:21-07:00,1,17
style.css,25,css,e0b0cfac,Christian Kumagai,2025-04-09,20:44:21,-07:00,2025-04-09T20:44:21-07:00,0,0
style.css,26,css,e0b0cfac,Christian Kumagai,2025-04-09,20:44:21,-07:00,2025-04-09T20:44:21-07:00,0,0
style.css,27,css,e0b0cfac,Christian Kumagai,2025-04-09,20:44:21,-07:00,2025-04-09T20:44:21-07:00,0,5
style.css,28,css,e0b0cfac,Christian Kumagai,2025-04-09,20:44:21,-07:00,2025-04-09T20:44:21-07:00,1,20
style.css,29,css,87ada7ff,Christian Kumagai,2025-04-17,20:12:52,-07:00,2025-04-17T20:12:52-07:00,1,16
style.css,30,css,e0b0cfac,Christian Kumagai,2025-04-09,20:44:21,-07:00,2025-04-09T20:44:21-07:00,1,17
style.css,31,css,e0b0cfac,Christian Kumagai,2025-04-09,20:44:21,-07:00,2025-04-09T20:44:21-07:00,1,14
style.css,32,css,e0b0cfac,Christian Kumagai,2025-04-09,20:44:21,-07:00,2025-04-09T20:44:21-07:00,1,6
style.css,33,css,e0b0cfac,Christian Kumagai,2025-04-09,20:44:21,-07:00,2025-04-09T20:44:21-07:00,0,0
style.css,34,css,e0b0cfac,Christian Kumagai,2025-04-09,20:44:21,-07:00,2025-04-09T20:44:21-07:00,0,0
style.css,35,css,e0b0cfac,Christian Kumagai,2025-04-09,20:44:21,-07:00,2025-04-09T20:44:21-07:00,0,0
style.css,36,css,e0b0cfac,Christian Kumagai,2025-04-09,20:44:21,-07:00,2025-04-09T20:44:21-07:00,0,11
style.css,37,css,e0b0cfac,Christian Kumagai,2025-04-09,20:44:21,-07:00,2025-04-09T20:44:21-07:00,1,11
style.css,38,css,e0b0cfac,Christian Kumagai,2025-04-09,20:44:21,-07:00,2025-04-09T20:44:21-07:00,1,36
style.css,39,css,e0b0cfac,Christian Kumagai,2025-04-09,20:44:21,-07:00,2025-04-09T20:44:21-07:00,1,45
style.css,40,css,e0b0cfac,Christian Kumagai,2025-04-09,20:44:21,-07:00,2025-04-09T20:44:21-07:00,0,0
style.css,41,css,e0b0cfac,Christian Kumagai,2025-04-09,20:44:21,-07:00,2025-04-09T20:44:21-07:00,0,0
style.css,42,css,e0b0cfac,Christian Kumagai,2025-04-09,20:44:21,-07:00,2025-04-09T20:44:21-07:00,0,13
style.css,43,css,e0b0cfac,Christian Kumagai,2025-04-09,20:44:21,-07:00,2025-04-09T20:44:21-07:00,1,35
style.css,44,css,e0b0cfac,Christian Kumagai,2025-04-09,20:44:21,-07:00,2025-04-09T20:44:21-07:00,1,20
style.css,45,css,e0b0cfac,Christian Kumagai,2025-04-09,20:44:21,-07:00,2025-04-09T20:44:21-07:00,0,0
style.css,46,css,e0b0cfac,Christian Kumagai,2025-04-09,20:44:21,-07:00,2025-04-09T20:44:21-07:00,0,0
style.css,47,css,e0b0cfac,Christian Kumagai,2025-04-09,20:44:21,-07:00,2025-04-09T20:44:21-07:00,0,0
style.css,48,css,e0b0cfac,Christian Kumagai,2025-04-09,20:44:21,-07:00,2025-04-09T20:44:21-07:00,0,4
style.css,49,css,e0b0cfac,Christian Kumagai,2025-04-09,20:44:21,-07:00,2025-04-09T20:44:21-07:00,1,15
style.css,50,css,e0b0cfac,Christian Kumagai,2025-04-09,20:44:21,-07:00,2025-04-09T20:44:21-07:00,1,18
style.css,51,css,e0b0cfac,Christian Kumagai,2025-04-09,20:44:21,-07:00,2025-04-09T20:44:21-07:00,1,11
style.css,52,css,e0b0cfac,Christian Kumagai,2025-04-09,20:44:21,-07:00,2025-04-09T20:44:21-07:00,0,0
style.css,53,css,e0b0cfac,Christian Kumagai,2025-04-09,20:44:21,-07:00,2025-04-09T20:44:21-07:00,1,12
style.css,54,css,2376d9eb,Christian Kumagai,2025-04-10,18:14:16,-07:00,2025-04-10T18:14:16-07:00,1,30
style.css,55,css,2376d9eb,Christian Kumagai,2025-04-10,18:14:16,-07:00,2025-04-10T18:14:16-07:00,1,7
style.css,56,css,e0b0cfac,Christian Kumagai,2025-04-09,20:44:21,-07:00,2025-04-09T20:44:21-07:00,0,0
style.css,57,css,e0b0cfac,Christian Kumagai,2025-04-09,20:44:21,-07:00,2025-04-09T20:44:21-07:00,0,0
style.css,58,css,2376d9eb,Christian Kumagai,2025-04-10,18:14:16,-07:00,2025-04-10T18:14:16-07:00,0,0
style.css,59,css,e0b0cfac,Christian Kumagai,2025-04-09,20:44:21,-07:00,2025-04-09T20:44:21-07:00,0,10
style.css,60,css,e0b0cfac,Christian Kumagai,2025-04-09,20:44:21,-07:00,2025-04-09T20:44:21-07:00,1,12
style.css,61,css,e0b0cfac,Christian Kumagai,2025-04-09,20:44:21,-07:00,2025-04-09T20:44:21-07:00,1,29
style.css,62,css,2376d9eb,Christian Kumagai,2025-04-10,18:14:16,-07:00,2025-04-10T18:14:16-07:00,1,18
style.css,63,css,e0b0cfac,Christian Kumagai,2025-04-09,20:44:21,-07:00,2025-04-09T20:44:21-07:00,1,12
style.css,64,css,e0b0cfac,Christian Kumagai,2025-04-09,20:44:21,-07:00,2025-04-09T20:44:21-07:00,0,0
style.css,65,css,e0b0cfac,Christian Kumagai,2025-04-09,20:44:21,-07:00,2025-04-09T20:44:21-07:00,0,0
style.css,66,css,2376d9eb,Christian Kumagai,2025-04-10,18:14:16,-07:00,2025-04-10T18:14:16-07:00,0,0
style.css,67,css,e0b0cfac,Christian Kumagai,2025-04-09,20:44:21,-07:00,2025-04-09T20:44:21-07:00,0,9
style.css,68,css,e0b0cfac,Christian Kumagai,2025-04-09,20:44:21,-07:00,2025-04-09T20:44:21-07:00,0,12
style.css,69,css,e0b0cfac,Christian Kumagai,2025-04-09,20:44:21,-07:00,2025-04-09T20:44:21-07:00,0,11
style.css,70,css,e0b0cfac,Christian Kumagai,2025-04-09,20:44:21,-07:00,2025-04-09T20:44:21-07:00,1,10
style.css,71,css,e0b0cfac,Christian Kumagai,2025-04-09,20:44:21,-07:00,2025-04-09T20:44:21-07:00,1,21
style.css,72,css,e0b0cfac,Christian Kumagai,2025-04-09,20:44:21,-07:00,2025-04-09T20:44:21-07:00,0,0
style.css,73,css,e0b0cfac,Christian Kumagai,2025-04-09,20:44:21,-07:00,2025-04-09T20:44:21-07:00,0,0
style.css,74,css,e0b0cfac,Christian Kumagai,2025-04-09,20:44:21,-07:00,2025-04-09T20:44:21-07:00,0,49
style.css,75,css,e0b0cfac,Christian Kumagai,2025-04-09,20:44:21,-07:00,2025-04-09T20:44:21-07:00,0,11
style.css,76,css,e0b0cfac,Christian Kumagai,2025-04-09,20:44:21,-07:00,2025-04-09T20:44:21-07:00,1,18
style.css,77,css,e0b0cfac,Christian Kumagai,2025-04-09,20:44:21,-07:00,2025-04-09T20:44:21-07:00,0,0
style.css,78,css,e0b0cfac,Christian Kumagai,2025-04-09,20:44:21,-07:00,2025-04-09T20:44:21-07:00,0,0
style.css,79,css,e0b0cfac,Christian Kumagai,2025-04-09,20:44:21,-07:00,2025-04-09T20:44:21-07:00,0,9
style.css,80,css,e0b0cfac,Christian Kumagai,2025-04-09,20:44:21,-07:00,2025-04-09T20:44:21-07:00,1,12
style.css,81,css,e0b0cfac,Christian Kumagai,2025-04-09,20:44:21,-07:00,2025-04-09T20:44:21-07:00,1,58
style.css,82,css,e0b0cfac,Christian Kumagai,2025-04-09,20:44:21,-07:00,2025-04-09T20:44:21-07:00,1,9
style.css,83,css,e0b0cfac,Christian Kumagai,2025-04-09,20:44:21,-07:00,2025-04-09T20:44:21-07:00,0,0
style.css,84,css,e0b0cfac,Christian Kumagai,2025-04-09,20:44:21,-07:00,2025-04-09T20:44:21-07:00,0,0
style.css,85,css,e0b0cfac,Christian Kumagai,2025-04-09,20:44:21,-07:00,2025-04-09T20:44:21-07:00,0,17
style.css,86,css,e0b0cfac,Christian Kumagai,2025-04-09,20:44:21,-07:00,2025-04-09T20:44:21-07:00,1,12
style.css,87,css,e0b0cfac,Christian Kumagai,2025-04-09,20:44:21,-07:00,2025-04-09T20:44:21-07:00,1,26
style.css,88,css,e0b0cfac,Christian Kumagai,2025-04-09,20:44:21,-07:00,2025-04-09T20:44:21-07:00,1,15
style.css,89,css,e0b0cfac,Christian Kumagai,2025-04-09,20:44:21,-07:00,2025-04-09T20:44:21-07:00,0,0
style.css,90,css,e0b0cfac,Christian Kumagai,2025-04-09,20:44:21,-07:00,2025-04-09T20:44:21-07:00,0,0
style.css,91,css,e0b0cfac,Christian Kumagai,2025-04-09,20:44:21,-07:00,2025-04-09T20:44:21-07:00,0,12
style.css,92,css,e0b0cfac,Christian Kumagai,2025-04-09,20:44:21,-07:00,2025-04-09T20:44:21-07:00,1,8
style.css,93,css,2376d9eb,Christian Kumagai,2025-04-10,18:14:16,-07:00,2025-04-10T18:14:16-07:00,1,25
style.css,94,css,2376d9eb,Christian Kumagai,2025-04-10,18:14:16,-07:00,2025-04-10T18:14:16-07:00,0,0
style.css,95,css,2376d9eb,Christian Kumagai,2025-04-10,18:14:16,-07:00,2025-04-10T18:14:16-07:00,0,0
style.css,96,css,2376d9eb,Christian Kumagai,2025-04-10,18:14:16,-07:00,2025-04-10T18:14:16-07:00,0,11
style.css,97,css,2376d9eb,Christian Kumagai,2025-04-10,18:14:16,-07:00,2025-04-10T18:14:16-07:00,1,13
style.css,98,css,2376d9eb,Christian Kumagai,2025-04-10,18:14:16,-07:00,2025-04-10T18:14:16-07:00,1,13
style.css,99,css,2376d9eb,Christian Kumagai,2025-04-10,18:14:16,-07:00,2025-04-10T18:14:16-07:00,1,14
style.css,100,css,2376d9eb,Christian Kumagai,2025-04-10,18:14:16,-07:00,2025-04-10T18:14:16-07:00,1,11
style.css,101,css,2376d9eb,Christian Kumagai,2025-04-10,18:14:16,-07:00,2025-04-10T18:14:16-07:00,0,0
style.css,102,css,2376d9eb,Christian Kumagai,2025-04-10,18:14:16,-07:00,2025-04-10T18:14:16-07:00,0,0
style.css,103,css,2376d9eb,Christian Kumagai,2025-04-10,18:14:16,-07:00,2025-04-10T18:14:16-07:00,0,8
style.css,104,css,2376d9eb,Christian Kumagai,2025-04-10,18:14:16,-07:00,2025-04-10T18:14:16-07:00,1,17
style.css,105,css,2376d9eb,Christian Kumagai,2025-04-10,18:14:16,-07:00,2025-04-10T18:14:16-07:00,1,25
style.css,106,css,2376d9eb,Christian Kumagai,2025-04-10,18:14:16,-07:00,2025-04-10T18:14:16-07:00,0,0
style.css,107,css,2376d9eb,Christian Kumagai,2025-04-10,18:14:16,-07:00,2025-04-10T18:14:16-07:00,0,0
style.css,108,css,2376d9eb,Christian Kumagai,2025-04-10,18:14:16,-07:00,2025-04-10T18:14:16-07:00,0,9
style.css,109,css,2376d9eb,Christian Kumagai,2025-04-10,18:14:16,-07:00,2025-04-10T18:14:16-07:00,1,17
style.css,110,css,87ada7ff,Christian Kumagai,2025-04-17,20:12:52,-07:00,2025-04-17T20:12:52-07:00,0,0
style.css,111,css,87ada7ff,Christian Kumagai,2025-04-17,20:12:52,-07:00,2025-04-17T20:12:52-07:00,0,0
style.css,112,css,87ada7ff,Christian Kumagai,2025-04-17,20:12:52,-07:00,2025-04-17T20:12:52-07:00,0,4
style.css,113,css,87ada7ff,Christian Kumagai,2025-04-17,20:12:52,-07:00,2025-04-17T20:12:52-07:00,1,23
style.css,114,css,87ada7ff,Christian Kumagai,2025-04-17,20:12:52,-07:00,2025-04-17T20:12:52-07:00,1,32
style.css,115,css,87ada7ff,Christian Kumagai,2025-04-17,20:12:52,-07:00,2025-04-17T20:12:52-07:00,0,0
style.css,116,css,87ada7ff,Christian Kumagai,2025-04-17,20:12:52,-07:00,2025-04-17T20:12:52-07:00,0,0
style.css,117,css,87ada7ff,Christian Kumagai,2025-04-17,20:12:52,-07:00,2025-04-17T20:12:52-07:00,0,36
style.css,118,css,87ada7ff,Christian Kumagai,2025-04-17,20:12:52,-07:00,2025-04-17T20:12:52-07:00,0,3
style.css,119,css,87ada7ff,Christian Kumagai,2025-04-17,20:12:52,-07:00,2025-04-17T20:12:52-07:00,1,39
style.css,120,css,87ada7ff,Christian Kumagai,2025-04-17,20:12:52,-07:00,2025-04-17T20:12:52-07:00,1,43
style.css,121,css,87ada7ff,Christian Kumagai,2025-04-17,20:12:52,-07:00,2025-04-17T20:12:52-07:00,0,0
style.css,122,css,87ada7ff,Christian Kumagai,2025-04-17,20:12:52,-07:00,2025-04-17T20:12:52-07:00,0,0
style.css,123,css,87ada7ff,Christian Kumagai,2025-04-17,20:12:52,-07:00,2025-04-17T20:12:52-07:00,0,37
style.css,124,css,87ada7ff,Christian Kumagai,2025-04-17,20:12:52,-07:00,2025-04-17T20:12:52-07:00,0,11
style.css,125,css,87ada7ff,Christian Kumagai,2025-04-17,20:12:52,-07:00,2025-04-17T20:12:52-07:00,1,69
style.css,126,css,87ada7ff,Christian Kumagai,2025-04-17,20:12:52,-07:00,2025-04-17T20:12:52-07:00,0,0
style.css,127,css,87ada7ff,Christian Kumagai,2025-04-17,20:12:52,-07:00,2025-04-17T20:12:52-07:00,0,0
style.css,128,css,87ada7ff,Christian Kumagai,2025-04-17,20:12:52,-07:00,2025-04-17T20:12:52-07:00,0,28
style.css,129,css,87ada7ff,Christian Kumagai,2025-04-17,20:12:52,-07:00,2025-04-17T20:12:52-07:00,0,18
style.css,130,css,87ada7ff,Christian Kumagai,2025-04-17,20:12:52,-07:00,2025-04-17T20:12:52-07:00,1,17
style.css,131,css,87ada7ff,Christian Kumagai,2025-04-17,20:12:52,-07:00,2025-04-17T20:12:52-07:00,1,8
style.css,132,css,87ada7ff,Christian Kumagai,2025-04-17,20:12:52,-07:00,2025-04-17T20:12:52-07:00,1,10
style.css,133,css,87ada7ff,Christian Kumagai,2025-04-17,20:12:52,-07:00,2025-04-17T20:12:52-07:00,1,13
style.css,134,css,87ada7ff,Christian Kumagai,2025-04-17,20:12:52,-07:00,2025-04-17T20:12:52-07:00,1,19
style.css,135,css,87ada7ff,Christian Kumagai,2025-04-17,20:12:52,-07:00,2025-04-17T20:12:52-07:00,0,0
style.css,136,css,87ada7ff,Christian Kumagai,2025-04-17,20:12:52,-07:00,2025-04-17T20:12:52-07:00,0,25
style.css,137,css,87ada7ff,Christian Kumagai,2025-04-17,20:12:52,-07:00,2025-04-17T20:12:52-07:00,1,12
style.css,138,css,87ada7ff,Christian Kumagai,2025-04-17,20:12:52,-07:00,2025-04-17T20:12:52-07:00,0,0
style.css,139,css,fda90527,Christian Kumagai,2025-05-03,22:18:02,-07:00,2025-05-03T22:18:02-07:00,0,0
style.css,140,css,fda90527,Christian Kumagai,2025-05-03,22:18:02,-07:00,2025-05-03T22:18:02-07:00,0,5
style.css,141,css,fda90527,Christian Kumagai,2025-05-03,22:18:02,-07:00,2025-05-03T22:18:02-07:00,1,11
style.css,142,css,fda90527,Christian Kumagai,2025-05-03,22:18:02,-07:00,2025-05-03T22:18:02-07:00,1,30
style.css,143,css,fda90527,Christian Kumagai,2025-05-03,22:18:02,-07:00,2025-05-03T22:18:02-07:00,1,34
style.css,144,css,fda90527,Christian Kumagai,2025-05-03,22:18:02,-07:00,2025-05-03T22:18:02-07:00,1,16
style.css,145,css,fda90527,Christian Kumagai,2025-05-03,22:18:02,-07:00,2025-05-03T22:18:02-07:00,0,0
style.css,146,css,fda90527,Christian Kumagai,2025-05-03,22:18:02,-07:00,2025-05-03T22:18:02-07:00,0,0
style.css,147,css,fda90527,Christian Kumagai,2025-05-03,22:18:02,-07:00,2025-05-03T22:18:02-07:00,0,0
style.css,148,css,fda90527,Christian Kumagai,2025-05-03,22:18:02,-07:00,2025-05-03T22:18:02-07:00,0,14
style.css,149,css,fda90527,Christian Kumagai,2025-05-03,22:18:02,-07:00,2025-05-03T22:18:02-07:00,1,14
style.css,150,css,fda90527,Christian Kumagai,2025-05-03,22:18:02,-07:00,2025-05-03T22:18:02-07:00,1,16
style.css,151,css,fda90527,Christian Kumagai,2025-05-03,22:18:02,-07:00,2025-05-03T22:18:02-07:00,1,16
style.css,152,css,fda90527,Christian Kumagai,2025-05-03,22:18:02,-07:00,2025-05-03T22:18:02-07:00,1,13
style.css,153,css,fda90527,Christian Kumagai,2025-05-03,22:18:02,-07:00,2025-05-03T22:18:02-07:00,1,18
style.css,154,css,fda90527,Christian Kumagai,2025-05-03,22:18:02,-07:00,2025-05-03T22:18:02-07:00,0,0
style.css,155,css,fda90527,Christian Kumagai,2025-05-03,22:18:02,-07:00,2025-05-03T22:18:02-07:00,0,0
style.css,156,css,fda90527,Christian Kumagai,2025-05-03,22:18:02,-07:00,2025-05-03T22:18:02-07:00,0,14
style.css,157,css,fda90527,Christian Kumagai,2025-05-03,22:18:02,-07:00,2025-05-03T22:18:02-07:00,1,14
style.css,158,css,fda90527,Christian Kumagai,2025-05-03,22:18:02,-07:00,2025-05-03T22:18:02-07:00,1,16
style.css,159,css,fda90527,Christian Kumagai,2025-05-03,22:18:02,-07:00,2025-05-03T22:18:02-07:00,1,16
style.css,160,css,fda90527,Christian Kumagai,2025-05-03,22:18:02,-07:00,2025-05-03T22:18:02-07:00,1,13
style.css,161,css,fda90527,Christian Kumagai,2025-05-03,22:18:02,-07:00,2025-05-03T22:18:02-07:00,1,18
style.css,162,css,fda90527,Christian Kumagai,2025-05-03,22:18:02,-07:00,2025-05-03T22:18:02-07:00,0,0
style.css,163,css,fda90527,Christian Kumagai,2025-05-03,22:18:02,-07:00,2025-05-03T22:18:02-07:00,0,7
style.css,164,css,fda90527,Christian Kumagai,2025-05-03,22:18:02,-07:00,2025-05-03T22:18:02-07:00,1,12
style.css,165,css,fda90527,Christian Kumagai,2025-05-03,22:18:02,-07:00,2025-05-03T22:18:02-07:00,1,57
style.css,166,css,fda90527,Christian Kumagai,2025-05-03,22:18:02,-07:00,2025-05-03T22:18:02-07:00,1,7
style.css,167,css,fda90527,Christian Kumagai,2025-05-03,22:18:02,-07:00,2025-05-03T22:18:02-07:00,1,11
style.css,168,css,fda90527,Christian Kumagai,2025-05-03,22:18:02,-07:00,2025-05-03T22:18:02-07:00,1,21
style.css,169,css,fda90527,Christian Kumagai,2025-05-03,22:18:02,-07:00,2025-05-03T22:18:02-07:00,1,16
style.css,170,css,fda90527,Christian Kumagai,2025-05-03,22:18:02,-07:00,2025-05-03T22:18:02-07:00,0,0
style.css,171,css,fda90527,Christian Kumagai,2025-05-03,22:18:02,-07:00,2025-05-03T22:18:02-07:00,0,0
style.css,172,css,fda90527,Christian Kumagai,2025-05-03,22:18:02,-07:00,2025-05-03T22:18:02-07:00,0,10
style.css,173,css,fda90527,Christian Kumagai,2025-05-03,22:18:02,-07:00,2025-05-03T22:18:02-07:00,1,12
style.css,174,css,fda90527,Christian Kumagai,2025-05-03,22:18:02,-07:00,2025-05-03T22:18:02-07:00,1,18
style.css,175,css,fda90527,Christian Kumagai,2025-05-03,22:18:02,-07:00,2025-05-03T22:18:02-07:00,1,9
style.css,176,css,fda90527,Christian Kumagai,2025-05-03,22:18:02,-07:00,2025-05-03T22:18:02-07:00,0,0
style.css,177,css,fda90527,Christian Kumagai,2025-05-03,22:18:02,-07:00,2025-05-03T22:18:02-07:00,0,0
style.css,178,css,fda90527,Christian Kumagai,2025-05-03,22:18:02,-07:00,2025-05-03T22:18:02-07:00,0,7
style.css,179,css,fda90527,Christian Kumagai,2025-05-03,22:18:02,-07:00,2025-05-03T22:18:02-07:00,1,20
style.css,180,css,fda90527,Christian Kumagai,2025-05-03,22:18:02,-07:00,2025-05-03T22:18:02-07:00,1,9
style.css,181,css,fda90527,Christian Kumagai,2025-05-03,22:18:02,-07:00,2025-05-03T22:18:02-07:00,1,10
style.css,182,css,fda90527,Christian Kumagai,2025-05-03,22:18:02,-07:00,2025-05-03T22:18:02-07:00,1,29
style.css,183,css,fda90527,Christian Kumagai,2025-05-03,22:18:02,-07:00,2025-05-03T22:18:02-07:00,1,17
style.css,184,css,fda90527,Christian Kumagai,2025-05-03,22:18:02,-07:00,2025-05-03T22:18:02-07:00,0,0
style.css,185,css,fda90527,Christian Kumagai,2025-05-03,22:18:02,-07:00,2025-05-03T22:18:02-07:00,0,10
style.css,186,css,fda90527,Christian Kumagai,2025-05-03,22:18:02,-07:00,2025-05-03T22:18:02-07:00,1,13
style.css,187,css,fda90527,Christian Kumagai,2025-05-03,22:18:02,-07:00,2025-05-03T22:18:02-07:00,1,15
style.css,188,css,fda90527,Christian Kumagai,2025-05-03,22:18:02,-07:00,2025-05-03T22:18:02-07:00,1,13
style.css,189,css,fda90527,Christian Kumagai,2025-05-03,22:18:02,-07:00,2025-05-03T22:18:02-07:00,1,13
style.css,190,css,fda90527,Christian Kumagai,2025-05-03,22:18:02,-07:00,2025-05-03T22:18:02-07:00,1,9
style.css,191,css,fda90527,Christian Kumagai,2025-05-03,22:18:02,-07:00,2025-05-03T22:18:02-07:00,1,15
style.css,192,css,fda90527,Christian Kumagai,2025-05-03,22:18:02,-07:00,2025-05-03T22:18:02-07:00,0,0
style.css,193,css,fda90527,Christian Kumagai,2025-05-03,22:18:02,-07:00,2025-05-03T22:18:02-07:00,0,0
style.css,194,css,fda90527,Christian Kumagai,2025-05-03,22:18:02,-07:00,2025-05-03T22:18:02-07:00,0,9
style.css,195,css,fda90527,Christian Kumagai,2025-05-03,22:18:02,-07:00,2025-05-03T22:18:02-07:00,1,35
style.css,196,css,fda90527,Christian Kumagai,2025-05-03,22:18:02,-07:00,2025-05-03T22:18:02-07:00,0,0
style.css,197,css,fda90527,Christian Kumagai,2025-05-03,22:18:02,-07:00,2025-05-03T22:18:02-07:00,0,0
style.css,198,css,fda90527,Christian Kumagai,2025-05-03,22:18:02,-07:00,2025-05-03T22:18:02-07:00,0,28
style.css,199,css,fda90527,Christian Kumagai,2025-05-03,22:18:02,-07:00,2025-05-03T22:18:02-07:00,1,17
style.css,200,css,fda90527,Christian Kumagai,2025-05-03,22:18:02,-07:00,2025-05-03T22:18:02-07:00,1,14
style.css,201,css,fda90527,Christian Kumagai,2025-05-03,22:18:02,-07:00,2025-05-03T22:18:02-07:00,0,0
style.css,202,css,fda90527,Christian Kumagai,2025-05-03,22:18:02,-07:00,2025-05-03T22:18:02-07:00,0,0
style.css,203,css,fda90527,Christian Kumagai,2025-05-03,22:18:02,-07:00,2025-05-03T22:18:02-07:00,0,19
style.css,204,css,fda90527,Christian Kumagai,2025-05-03,22:18:02,-07:00,2025-05-03T22:18:02-07:00,1,14
style.css,205,css,fda90527,Christian Kumagai,2025-05-03,22:18:02,-07:00,2025-05-03T22:18:02-07:00,1,16
style.css,206,css,fda90527,Christian Kumagai,2025-05-03,22:18:02,-07:00,2025-05-03T22:18:02-07:00,0,0
style.css,207,css,fda90527,Christian Kumagai,2025-05-03,22:18:02,-07:00,2025-05-03T22:18:02-07:00,0,0
style.css,208,css,fda90527,Christian Kumagai,2025-05-03,22:18:02,-07:00,2025-05-03T22:18:02-07:00,0,47
style.css,209,css,fda90527,Christian Kumagai,2025-05-03,22:18:02,-07:00,2025-05-03T22:18:02-07:00,1,11
style.css,210,css,fda90527,Christian Kumagai,2025-05-03,22:18:02,-07:00,2025-05-03T22:18:02-07:00,0,0
index.js,1,js,d4b8a385,Christian Kumagai,2025-04-26,19:38:52,-07:00,2025-04-26T19:38:52-07:00,0,71
index.js,2,js,d4b8a385,Christian Kumagai,2025-04-26,19:38:52,-07:00,2025-04-26T19:38:52-07:00,0,0
index.js,3,js,d4b8a385,Christian Kumagai,2025-04-26,19:38:52,-07:00,2025-04-26T19:38:52-07:00,0,54
index.js,4,js,d4b8a385,Christian Kumagai,2025-04-26,19:38:52,-07:00,2025-04-26T19:38:52-07:00,0,42
index.js,5,js,d4b8a385,Christian Kumagai,2025-04-26,19:38:52,-07:00,2025-04-26T19:38:52-07:00,0,0
index.js,6,js,d4b8a385,Christian Kumagai,2025-04-26,19:38:52,-07:00,2025-04-26T19:38:52-07:00,0,60
index.js,7,js,d4b8a385,Christian Kumagai,2025-04-26,19:38:52,-07:00,2025-04-26T19:38:52-07:00,0,54
index.js,8,js,d4b8a385,Christian Kumagai,2025-04-26,19:38:52,-07:00,2025-04-26T19:38:52-07:00,0,0
index.js,9,js,d4b8a385,Christian Kumagai,2025-04-26,19:38:52,-07:00,2025-04-26T19:38:52-07:00,0,20
index.js,10,js,d4b8a385,Christian Kumagai,2025-04-26,19:38:52,-07:00,2025-04-26T19:38:52-07:00,0,49
index.js,11,js,d4b8a385,Christian Kumagai,2025-04-26,19:38:52,-07:00,2025-04-26T19:38:52-07:00,0,0
index.js,12,js,fda90527,Christian Kumagai,2025-05-03,22:18:02,-07:00,2025-05-03T22:18:02-07:00,0,15
index.js,13,js,d4b8a385,Christian Kumagai,2025-04-26,19:38:52,-07:00,2025-04-26T19:38:52-07:00,0,60
index.js,14,js,d4b8a385,Christian Kumagai,2025-04-26,19:38:52,-07:00,2025-04-26T19:38:52-07:00,0,0
index.js,15,js,d4b8a385,Christian Kumagai,2025-04-26,19:38:52,-07:00,2025-04-26T19:38:52-07:00,0,17
index.js,16,js,d4b8a385,Christian Kumagai,2025-04-26,19:38:52,-07:00,2025-04-26T19:38:52-07:00,1,24
index.js,17,js,d4b8a385,Christian Kumagai,2025-04-26,19:38:52,-07:00,2025-04-26T19:38:52-07:00,2,2
index.js,18,js,d4b8a385,Christian Kumagai,2025-04-26,19:38:52,-07:00,2025-04-26T19:38:52-07:00,3,55
index.js,19,js,d4b8a385,Christian Kumagai,2025-04-26,19:38:52,-07:00,2025-04-26T19:38:52-07:00,3,55
index.js,20,js,d4b8a385,Christian Kumagai,2025-04-26,19:38:52,-07:00,2025-04-26T19:38:52-07:00,3,49
index.js,21,js,d4b8a385,Christian Kumagai,2025-04-26,19:38:52,-07:00,2025-04-26T19:38:52-07:00,3,49
index.js,22,js,d4b8a385,Christian Kumagai,2025-04-26,19:38:52,-07:00,2025-04-26T19:38:52-07:00,2,3
index.js,23,js,d4b8a385,Christian Kumagai,2025-04-26,19:38:52,-07:00,2025-04-26T19:38:52-07:00,1,0
index.js,24,js,d4b8a385,Christian Kumagai,2025-04-26,19:38:52,-07:00,2025-04-26T19:38:52-07:00,0,0
index.html,1,html,c8c38f7d,Christian Kumagai,2025-04-03,21:17:44,-07:00,2025-04-03T21:17:44-07:00,0,13
index.html,2,html,c8c38f7d,Christian Kumagai,2025-04-03,21:17:44,-07:00,2025-04-03T21:17:44-07:00,0,14
index.html,3,html,c8c38f7d,Christian Kumagai,2025-04-03,21:17:44,-07:00,2025-04-03T21:17:44-07:00,0,4
index.html,4,html,c8c38f7d,Christian Kumagai,2025-04-03,21:17:44,-07:00,2025-04-03T21:17:44-07:00,2,20
index.html,5,html,c8c38f7d,Christian Kumagai,2025-04-03,21:17:44,-07:00,2025-04-03T21:17:44-07:00,2,68
index.html,6,html,c8c38f7d,Christian Kumagai,2025-04-03,21:17:44,-07:00,2025-04-03T21:17:44-07:00,2,59
index.html,7,html,2376d9eb,Christian Kumagai,2025-04-10,18:14:16,-07:00,2025-04-10T18:14:16-07:00,2,38
index.html,8,html,3f30a7a9,Christian Kumagai,2025-04-17,19:39:57,-07:00,2025-04-17T19:39:57-07:00,0,0
index.html,9,html,c8c38f7d,Christian Kumagai,2025-04-03,21:17:44,-07:00,2025-04-03T21:17:44-07:00,0,5
index.html,10,html,c8c38f7d,Christian Kumagai,2025-04-03,21:17:44,-07:00,2025-04-03T21:17:44-07:00,0,4
index.html,11,html,2376d9eb,Christian Kumagai,2025-04-10,18:14:16,-07:00,2025-04-10T18:14:16-07:00,2,42
index.html,12,html,d4b8a385,Christian Kumagai,2025-04-26,19:38:52,-07:00,2025-04-26T19:38:52-07:00,2,0
index.html,13,html,15688b65,Christian Kumagai,2025-04-03,21:19:20,-07:00,2025-04-03T21:19:20-07:00,2,354
index.html,14,html,c8c38f7d,Christian Kumagai,2025-04-03,21:17:44,-07:00,2025-04-03T21:17:44-07:00,0,0
index.html,15,html,501eda0b,Christian Kumagai,2025-04-03,21:54:19,-07:00,2025-04-03T21:54:19-07:00,0,0
index.html,16,html,d4b8a385,Christian Kumagai,2025-04-26,19:38:52,-07:00,2025-04-26T19:38:52-07:00,2,0
index.html,17,html,d4b8a385,Christian Kumagai,2025-04-26,19:38:52,-07:00,2025-04-26T19:38:52-07:00,2,19
index.html,18,html,d4b8a385,Christian Kumagai,2025-04-26,19:38:52,-07:00,2025-04-26T19:38:52-07:00,2,28
index.html,19,html,d4b8a385,Christian Kumagai,2025-04-26,19:38:52,-07:00,2025-04-26T19:38:52-07:00,4,0
index.html,20,html,d4b8a385,Christian Kumagai,2025-04-26,19:38:52,-07:00,2025-04-26T19:38:52-07:00,2,128
index.html,21,html,d4b8a385,Christian Kumagai,2025-04-26,19:38:52,-07:00,2025-04-26T19:38:52-07:00,2,22
index.html,22,html,d4b8a385,Christian Kumagai,2025-04-26,19:38:52,-07:00,2025-04-26T19:38:52-07:00,2,26
index.html,23,html,1c1a24f3,Christian Kumagai,2025-04-04,17:33:03,-07:00,2025-04-04T17:33:03-07:00,3,0
index.html,24,html,3f30a7a9,Christian Kumagai,2025-04-17,19:39:57,-07:00,2025-04-17T19:39:57-07:00,2,45
index.html,25,html,d4b8a385,Christian Kumagai,2025-04-26,19:38:52,-07:00,2025-04-26T19:38:52-07:00,2,45
index.html,26,html,d4b8a385,Christian Kumagai,2025-04-26,19:38:52,-07:00,2025-04-26T19:38:52-07:00,2,50
index.html,27,html,d4b8a385,Christian Kumagai,2025-04-26,19:38:52,-07:00,2025-04-26T19:38:52-07:00,0,0
index.html,28,html,c8c38f7d,Christian Kumagai,2025-04-03,21:17:44,-07:00,2025-04-03T21:17:44-07:00,0,5
index.html,29,html,a6d459b1,Christian Kumagai,2025-04-03,21:42:07,-07:00,2025-04-03T21:42:07-07:00,0,5
global.js,1,js,3f30a7a9,Christian Kumagai,2025-04-17,19:39:57,-07:00,2025-04-17T19:39:57-07:00,0,25
global.js,2,js,3f30a7a9,Christian Kumagai,2025-04-17,19:39:57,-07:00,2025-04-17T19:39:57-07:00,0,0
global.js,3,js,3f30a7a9,Christian Kumagai,2025-04-17,19:39:57,-07:00,2025-04-17T19:39:57-07:00,0,41
global.js,4,js,3f30a7a9,Christian Kumagai,2025-04-17,19:39:57,-07:00,2025-04-17T19:39:57-07:00,1,52
global.js,5,js,3f30a7a9,Christian Kumagai,2025-04-17,19:39:57,-07:00,2025-04-17T19:39:57-07:00,0,0
global.js,6,js,3f30a7a9,Christian Kumagai,2025-04-17,19:39:57,-07:00,2025-04-17T19:39:57-07:00,0,0
global.js,7,js,3f30a7a9,Christian Kumagai,2025-04-17,19:39:57,-07:00,2025-04-17T19:39:57-07:00,0,11
global.js,8,js,3f30a7a9,Christian Kumagai,2025-04-17,19:39:57,-07:00,2025-04-17T19:39:57-07:00,1,25
global.js,9,js,3f30a7a9,Christian Kumagai,2025-04-17,19:39:57,-07:00,2025-04-17T19:39:57-07:00,1,38
global.js,10,js,3f30a7a9,Christian Kumagai,2025-04-17,19:39:57,-07:00,2025-04-17T19:39:57-07:00,1,37
global.js,11,js,00000000,Not Committed Yet,2025-05-10,18:04:22,-07:00,2025-05-10T18:04:22-07:00,1,30
global.js,12,js,3f30a7a9,Christian Kumagai,2025-04-17,19:39:57,-07:00,2025-04-17T19:39:57-07:00,1,51
global.js,13,js,00000000,Not Committed Yet,2025-05-10,18:04:22,-07:00,2025-05-10T18:04:22-07:00,1,0
global.js,14,js,3f30a7a9,Christian Kumagai,2025-04-17,19:39:57,-07:00,2025-04-17T19:39:57-07:00,0,0
global.js,15,js,3f30a7a9,Christian Kumagai,2025-04-17,19:39:57,-07:00,2025-04-17T19:39:57-07:00,0,0
global.js,16,js,3f30a7a9,Christian Kumagai,2025-04-17,19:39:57,-07:00,2025-04-17T19:39:57-07:00,0,88
global.js,17,js,87ada7ff,Christian Kumagai,2025-04-17,20:12:52,-07:00,2025-04-17T20:12:52-07:00,1,3
global.js,18,js,e7b58e30,Christian Kumagai,2025-04-25,15:29:05,-07:00,2025-04-25T15:29:05-07:00,1,14
global.js,19,js,3f30a7a9,Christian Kumagai,2025-04-17,19:39:57,-07:00,2025-04-17T19:39:57-07:00,0,0
global.js,20,js,87ada7ff,Christian Kumagai,2025-04-17,20:12:52,-07:00,2025-04-17T20:12:52-07:00,0,24
global.js,21,js,3f30a7a9,Christian Kumagai,2025-04-17,19:39:57,-07:00,2025-04-17T19:39:57-07:00,0,38
global.js,22,js,3f30a7a9,Christian Kumagai,2025-04-17,19:39:57,-07:00,2025-04-17T19:39:57-07:00,0,25
global.js,23,js,3f30a7a9,Christian Kumagai,2025-04-17,19:39:57,-07:00,2025-04-17T19:39:57-07:00,0,0
global.js,24,js,3f30a7a9,Christian Kumagai,2025-04-17,19:39:57,-07:00,2025-04-17T19:39:57-07:00,0,20
global.js,25,js,3f30a7a9,Christian Kumagai,2025-04-17,19:39:57,-07:00,2025-04-17T19:39:57-07:00,1,14
global.js,26,js,3f30a7a9,Christian Kumagai,2025-04-17,19:39:57,-07:00,2025-04-17T19:39:57-07:00,1,18
global.js,27,js,3f30a7a9,Christian Kumagai,2025-04-17,19:39:57,-07:00,2025-04-17T19:39:57-07:00,0,0
global.js,28,js,3f30a7a9,Christian Kumagai,2025-04-17,19:39:57,-07:00,2025-04-17T19:39:57-07:00,1,52
global.js,29,js,3f30a7a9,Christian Kumagai,2025-04-17,19:39:57,-07:00,2025-04-17T19:39:57-07:00,0,0
global.js,30,js,3f30a7a9,Christian Kumagai,2025-04-17,19:39:57,-07:00,2025-04-17T19:39:57-07:00,1,34
global.js,31,js,3f30a7a9,Christian Kumagai,2025-04-17,19:39:57,-07:00,2025-04-17T19:39:57-07:00,1,11
global.js,32,js,3f30a7a9,Christian Kumagai,2025-04-17,19:39:57,-07:00,2025-04-17T19:39:57-07:00,1,20
global.js,33,js,3f30a7a9,Christian Kumagai,2025-04-17,19:39:57,-07:00,2025-04-17T19:39:57-07:00,0,0
global.js,34,js,3f30a7a9,Christian Kumagai,2025-04-17,19:39:57,-07:00,2025-04-17T19:39:57-07:00,1,90
global.js,35,js,3f30a7a9,Christian Kumagai,2025-04-17,19:39:57,-07:00,2025-04-17T19:39:57-07:00,1,50
global.js,36,js,3f30a7a9,Christian Kumagai,2025-04-17,19:39:57,-07:00,2025-04-17T19:39:57-07:00,0,0
global.js,37,js,3f30a7a9,Christian Kumagai,2025-04-17,19:39:57,-07:00,2025-04-17T19:39:57-07:00,1,12
global.js,38,js,3f30a7a9,Christian Kumagai,2025-04-17,19:39:57,-07:00,2025-04-17T19:39:57-07:00,0,0
global.js,39,js,87ada7ff,Christian Kumagai,2025-04-17,20:12:52,-07:00,2025-04-17T20:12:52-07:00,0,0
global.js,40,js,87ada7ff,Christian Kumagai,2025-04-17,20:12:52,-07:00,2025-04-17T20:12:52-07:00,0,27
global.js,41,js,87ada7ff,Christian Kumagai,2025-04-17,20:12:52,-07:00,2025-04-17T20:12:52-07:00,0,31
global.js,42,js,87ada7ff,Christian Kumagai,2025-04-17,20:12:52,-07:00,2025-04-17T20:12:52-07:00,1,11
global.js,43,js,87ada7ff,Christian Kumagai,2025-04-17,20:12:52,-07:00,2025-04-17T20:12:52-07:00,1,0
global.js,44,js,87ada7ff,Christian Kumagai,2025-04-17,20:12:52,-07:00,2025-04-17T20:12:52-07:00,1,26
global.js,45,js,87ada7ff,Christian Kumagai,2025-04-17,20:12:52,-07:00,2025-04-17T20:12:52-07:00,2,4
global.js,46,js,87ada7ff,Christian Kumagai,2025-04-17,20:12:52,-07:00,2025-04-17T20:12:52-07:00,2,6
global.js,47,js,87ada7ff,Christian Kumagai,2025-04-17,20:12:52,-07:00,2025-04-17T20:12:52-07:00,3,43
global.js,48,js,87ada7ff,Christian Kumagai,2025-04-17,20:12:52,-07:00,2025-04-17T20:12:52-07:00,3,34
global.js,49,js,87ada7ff,Christian Kumagai,2025-04-17,20:12:52,-07:00,2025-04-17T20:12:52-07:00,3,32
global.js,50,js,87ada7ff,Christian Kumagai,2025-04-17,20:12:52,-07:00,2025-04-17T20:12:52-07:00,2,7
global.js,51,js,87ada7ff,Christian Kumagai,2025-04-17,20:12:52,-07:00,2025-04-17T20:12:52-07:00,1,6
global.js,52,js,87ada7ff,Christian Kumagai,2025-04-17,20:12:52,-07:00,2025-04-17T20:12:52-07:00,1,0
global.js,53,js,87ada7ff,Christian Kumagai,2025-04-17,20:12:52,-07:00,2025-04-17T20:12:52-07:00,0,0
global.js,54,js,87ada7ff,Christian Kumagai,2025-04-17,20:12:52,-07:00,2025-04-17T20:12:52-07:00,0,0
global.js,55,js,87ada7ff,Christian Kumagai,2025-04-17,20:12:52,-07:00,2025-04-17T20:12:52-07:00,0,58
global.js,56,js,87ada7ff,Christian Kumagai,2025-04-17,20:12:52,-07:00,2025-04-17T20:12:52-07:00,0,0
global.js,57,js,87ada7ff,Christian Kumagai,2025-04-17,20:12:52,-07:00,2025-04-17T20:12:52-07:00,0,31
global.js,58,js,87ada7ff,Christian Kumagai,2025-04-17,20:12:52,-07:00,2025-04-17T20:12:52-07:00,0,49
global.js,59,js,87ada7ff,Christian Kumagai,2025-04-17,20:12:52,-07:00,2025-04-17T20:12:52-07:00,1,29
global.js,60,js,87ada7ff,Christian Kumagai,2025-04-17,20:12:52,-07:00,2025-04-17T20:12:52-07:00,1,20
global.js,61,js,87ada7ff,Christian Kumagai,2025-04-17,20:12:52,-07:00,2025-04-17T20:12:52-07:00,1,31
global.js,62,js,87ada7ff,Christian Kumagai,2025-04-17,20:12:52,-07:00,2025-04-17T20:12:52-07:00,0,1
global.js,63,js,87ada7ff,Christian Kumagai,2025-04-17,20:12:52,-07:00,2025-04-17T20:12:52-07:00,0,0
global.js,64,js,87ada7ff,Christian Kumagai,2025-04-17,20:12:52,-07:00,2025-04-17T20:12:52-07:00,0,34
global.js,65,js,87ada7ff,Christian Kumagai,2025-04-17,20:12:52,-07:00,2025-04-17T20:12:52-07:00,0,34
global.js,66,js,87ada7ff,Christian Kumagai,2025-04-17,20:12:52,-07:00,2025-04-17T20:12:52-07:00,1,39
global.js,67,js,87ada7ff,Christian Kumagai,2025-04-17,20:12:52,-07:00,2025-04-17T20:12:52-07:00,1,38
global.js,68,js,87ada7ff,Christian Kumagai,2025-04-17,20:12:52,-07:00,2025-04-17T20:12:52-07:00,0,0
global.js,69,js,87ada7ff,Christian Kumagai,2025-04-17,20:12:52,-07:00,2025-04-17T20:12:52-07:00,0,0
global.js,70,js,87ada7ff,Christian Kumagai,2025-04-17,20:12:52,-07:00,2025-04-17T20:12:52-07:00,0,53
global.js,71,js,87ada7ff,Christian Kumagai,2025-04-17,20:12:52,-07:00,2025-04-17T20:12:52-07:00,0,30
global.js,72,js,87ada7ff,Christian Kumagai,2025-04-17,20:12:52,-07:00,2025-04-17T20:12:52-07:00,1,64
global.js,73,js,87ada7ff,Christian Kumagai,2025-04-17,20:12:52,-07:00,2025-04-17T20:12:52-07:00,0,0
global.js,74,js,87ada7ff,Christian Kumagai,2025-04-17,20:12:52,-07:00,2025-04-17T20:12:52-07:00,0,0
global.js,75,js,87ada7ff,Christian Kumagai,2025-04-17,20:12:52,-07:00,2025-04-17T20:12:52-07:00,0,0
global.js,76,js,87ada7ff,Christian Kumagai,2025-04-17,20:12:52,-07:00,2025-04-17T20:12:52-07:00,0,0
global.js,77,js,87ada7ff,Christian Kumagai,2025-04-17,20:12:52,-07:00,2025-04-17T20:12:52-07:00,0,0
global.js,78,js,87ada7ff,Christian Kumagai,2025-04-17,20:12:52,-07:00,2025-04-17T20:12:52-07:00,0,22
global.js,79,js,87ada7ff,Christian Kumagai,2025-04-17,20:12:52,-07:00,2025-04-17T20:12:52-07:00,0,40
global.js,80,js,87ada7ff,Christian Kumagai,2025-04-17,20:12:52,-07:00,2025-04-17T20:12:52-07:00,0,0
global.js,81,js,87ada7ff,Christian Kumagai,2025-04-17,20:12:52,-07:00,2025-04-17T20:12:52-07:00,0,49
global.js,82,js,87ada7ff,Christian Kumagai,2025-04-17,20:12:52,-07:00,2025-04-17T20:12:52-07:00,1,49
global.js,83,js,87ada7ff,Christian Kumagai,2025-04-17,20:12:52,-07:00,2025-04-17T20:12:52-07:00,0,0
global.js,84,js,87ada7ff,Christian Kumagai,2025-04-17,20:12:52,-07:00,2025-04-17T20:12:52-07:00,1,28
global.js,85,js,87ada7ff,Christian Kumagai,2025-04-17,20:12:52,-07:00,2025-04-17T20:12:52-07:00,1,14
global.js,86,js,87ada7ff,Christian Kumagai,2025-04-17,20:12:52,-07:00,2025-04-17T20:12:52-07:00,0,0
global.js,87,js,87ada7ff,Christian Kumagai,2025-04-17,20:12:52,-07:00,2025-04-17T20:12:52-07:00,1,31
global.js,88,js,87ada7ff,Christian Kumagai,2025-04-17,20:12:52,-07:00,2025-04-17T20:12:52-07:00,2,31
global.js,89,js,87ada7ff,Christian Kumagai,2025-04-17,20:12:52,-07:00,2025-04-17T20:12:52-07:00,2,50
global.js,90,js,87ada7ff,Christian Kumagai,2025-04-17,20:12:52,-07:00,2025-04-17T20:12:52-07:00,1,0
global.js,91,js,87ada7ff,Christian Kumagai,2025-04-17,20:12:52,-07:00,2025-04-17T20:12:52-07:00,0,0
global.js,92,js,87ada7ff,Christian Kumagai,2025-04-17,20:12:52,-07:00,2025-04-17T20:12:52-07:00,1,17
global.js,93,js,87ada7ff,Christian Kumagai,2025-04-17,20:12:52,-07:00,2025-04-17T20:12:52-07:00,1,48
global.js,94,js,87ada7ff,Christian Kumagai,2025-04-17,20:12:52,-07:00,2025-04-17T20:12:52-07:00,0,0
global.js,95,js,87ada7ff,Christian Kumagai,2025-04-17,20:12:52,-07:00,2025-04-17T20:12:52-07:00,1,51
global.js,96,js,87ada7ff,Christian Kumagai,2025-04-17,20:12:52,-07:00,2025-04-17T20:12:52-07:00,1,21
global.js,97,js,87ada7ff,Christian Kumagai,2025-04-17,20:12:52,-07:00,2025-04-17T20:12:52-07:00,0,1
global.js,98,js,d4b8a385,Christian Kumagai,2025-04-26,19:38:52,-07:00,2025-04-26T19:38:52-07:00,0,0
global.js,99,js,d4b8a385,Christian Kumagai,2025-04-26,19:38:52,-07:00,2025-04-26T19:38:52-07:00,0,0
global.js,100,js,d4b8a385,Christian Kumagai,2025-04-26,19:38:52,-07:00,2025-04-26T19:38:52-07:00,0,36
global.js,101,js,d4b8a385,Christian Kumagai,2025-04-26,19:38:52,-07:00,2025-04-26T19:38:52-07:00,2,3
global.js,102,js,d4b8a385,Christian Kumagai,2025-04-26,19:38:52,-07:00,2025-04-26T19:38:52-07:00,3,32
global.js,103,js,d4b8a385,Christian Kumagai,2025-04-26,19:38:52,-07:00,2025-04-26T19:38:52-07:00,3,62
global.js,104,js,d4b8a385,Christian Kumagai,2025-04-26,19:38:52,-07:00,2025-04-26T19:38:52-07:00,1,0
global.js,105,js,d4b8a385,Christian Kumagai,2025-04-26,19:38:52,-07:00,2025-04-26T19:38:52-07:00,3,17
global.js,106,js,d4b8a385,Christian Kumagai,2025-04-26,19:38:52,-07:00,2025-04-26T19:38:52-07:00,4,66
global.js,107,js,d4b8a385,Christian Kumagai,2025-04-26,19:38:52,-07:00,2025-04-26T19:38:52-07:00,3,0
global.js,108,js,d4b8a385,Christian Kumagai,2025-04-26,19:38:52,-07:00,2025-04-26T19:38:52-07:00,1,0
global.js,109,js,d4b8a385,Christian Kumagai,2025-04-26,19:38:52,-07:00,2025-04-26T19:38:52-07:00,3,33
global.js,110,js,d4b8a385,Christian Kumagai,2025-04-26,19:38:52,-07:00,2025-04-26T19:38:52-07:00,3,10
global.js,111,js,d4b8a385,Christian Kumagai,2025-04-26,19:38:52,-07:00,2025-04-26T19:38:52-07:00,1,0
global.js,112,js,d4b8a385,Christian Kumagai,2025-04-26,19:38:52,-07:00,2025-04-26T19:38:52-07:00,2,15
global.js,113,js,d4b8a385,Christian Kumagai,2025-04-26,19:38:52,-07:00,2025-04-26T19:38:52-07:00,3,59
global.js,114,js,d4b8a385,Christian Kumagai,2025-04-26,19:38:52,-07:00,2025-04-26T19:38:52-07:00,2,0
global.js,115,js,d4b8a385,Christian Kumagai,2025-04-26,19:38:52,-07:00,2025-04-26T19:38:52-07:00,1,0
global.js,116,js,d4b8a385,Christian Kumagai,2025-04-26,19:38:52,-07:00,2025-04-26T19:38:52-07:00,1,0
global.js,117,js,d4b8a385,Christian Kumagai,2025-04-26,19:38:52,-07:00,2025-04-26T19:38:52-07:00,1,79
global.js,118,js,d4b8a385,Christian Kumagai,2025-04-26,19:38:52,-07:00,2025-04-26T19:38:52-07:00,2,59
global.js,119,js,d4b8a385,Christian Kumagai,2025-04-26,19:38:52,-07:00,2025-04-26T19:38:52-07:00,1,0
global.js,120,js,d4b8a385,Christian Kumagai,2025-04-26,19:38:52,-07:00,2025-04-26T19:38:52-07:00,2,29
global.js,121,js,d4b8a385,Christian Kumagai,2025-04-26,19:38:52,-07:00,2025-04-26T19:38:52-07:00,3,48
global.js,122,js,d4b8a385,Christian Kumagai,2025-04-26,19:38:52,-07:00,2025-04-26T19:38:52-07:00,1,0
global.js,123,js,d4b8a385,Christian Kumagai,2025-04-26,19:38:52,-07:00,2025-04-26T19:38:52-07:00,3,19
global.js,124,js,d4b8a385,Christian Kumagai,2025-04-26,19:38:52,-07:00,2025-04-26T19:38:52-07:00,4,49
global.js,125,js,d4b8a385,Christian Kumagai,2025-04-26,19:38:52,-07:00,2025-04-26T19:38:52-07:00,4,49
global.js,126,js,fda90527,Christian Kumagai,2025-05-03,22:18:02,-07:00,2025-05-03T22:18:02-07:00,4,24
global.js,127,js,fda90527,Christian Kumagai,2025-05-03,22:18:02,-07:00,2025-05-03T22:18:02-07:00,5,27
global.js,128,js,fda90527,Christian Kumagai,2025-05-03,22:18:02,-07:00,2025-05-03T22:18:02-07:00,5,33
global.js,129,js,fda90527,Christian Kumagai,2025-05-03,22:18:02,-07:00,2025-05-03T22:18:02-07:00,4,4
global.js,130,js,d4b8a385,Christian Kumagai,2025-04-26,19:38:52,-07:00,2025-04-26T19:38:52-07:00,3,0
global.js,131,js,d4b8a385,Christian Kumagai,2025-04-26,19:38:52,-07:00,2025-04-26T19:38:52-07:00,1,0
global.js,132,js,d4b8a385,Christian Kumagai,2025-04-26,19:38:52,-07:00,2025-04-26T19:38:52-07:00,3,36
global.js,133,js,d4b8a385,Christian Kumagai,2025-04-26,19:38:52,-07:00,2025-04-26T19:38:52-07:00,2,0
global.js,134,js,d4b8a385,Christian Kumagai,2025-04-26,19:38:52,-07:00,2025-04-26T19:38:52-07:00,1,0
global.js,135,js,fda90527,Christian Kumagai,2025-05-03,22:18:02,-07:00,2025-05-03T22:18:02-07:00,1,0
global.js,136,js,d4b8a385,Christian Kumagai,2025-04-26,19:38:52,-07:00,2025-04-26T19:38:52-07:00,0,0
global.js,137,js,d4b8a385,Christian Kumagai,2025-04-26,19:38:52,-07:00,2025-04-26T19:38:52-07:00,1,47
global.js,138,js,d4b8a385,Christian Kumagai,2025-04-26,19:38:52,-07:00,2025-04-26T19:38:52-07:00,2,59
global.js,139,js,d4b8a385,Christian Kumagai,2025-04-26,19:38:52,-07:00,2025-04-26T19:38:52-07:00,1,0
global.js,140,js,d4b8a385,Christian Kumagai,2025-04-26,19:38:52,-07:00,2025-04-26T19:38:52-07:00,1,0
global.js,141,js,d4b8a385,Christian Kumagai,2025-04-26,19:38:52,-07:00,2025-04-26T19:38:52-07:00,1,0
global.js,142,js,d4b8a385,Christian Kumagai,2025-04-26,19:38:52,-07:00,2025-04-26T19:38:52-07:00,0,0
projects\projects.js,1,js,fda90527,Christian Kumagai,2025-05-03,22:18:02,-07:00,2025-05-03T22:18:02-07:00,0,63
projects\projects.js,2,js,d4b8a385,Christian Kumagai,2025-04-26,19:38:52,-07:00,2025-04-26T19:38:52-07:00,0,55
projects\projects.js,3,js,fda90527,Christian Kumagai,2025-05-03,22:18:02,-07:00,2025-05-03T22:18:02-07:00,0,0
projects\projects.js,4,js,d4b8a385,Christian Kumagai,2025-04-26,19:38:52,-07:00,2025-04-26T19:38:52-07:00,0,55
projects\projects.js,5,js,d4b8a385,Christian Kumagai,2025-04-26,19:38:52,-07:00,2025-04-26T19:38:52-07:00,0,60
projects\projects.js,6,js,d4b8a385,Christian Kumagai,2025-04-26,19:38:52,-07:00,2025-04-26T19:38:52-07:00,0,54
projects\projects.js,7,js,d4b8a385,Christian Kumagai,2025-04-26,19:38:52,-07:00,2025-04-26T19:38:52-07:00,0,57
projects\projects.js,8,js,fda90527,Christian Kumagai,2025-05-03,22:18:02,-07:00,2025-05-03T22:18:02-07:00,0,0
projects\projects.js,9,js,fda90527,Christian Kumagai,2025-05-03,22:18:02,-07:00,2025-05-03T22:18:02-07:00,0,21
projects\projects.js,10,js,fda90527,Christian Kumagai,2025-05-03,22:18:02,-07:00,2025-05-03T22:18:02-07:00,0,0
projects\projects.js,11,js,fda90527,Christian Kumagai,2025-05-03,22:18:02,-07:00,2025-05-03T22:18:02-07:00,0,39
projects\projects.js,12,js,fda90527,Christian Kumagai,2025-05-03,22:18:02,-07:00,2025-05-03T22:18:02-07:00,1,26
projects\projects.js,13,js,fda90527,Christian Kumagai,2025-05-03,22:18:02,-07:00,2025-05-03T22:18:02-07:00,2,13
projects\projects.js,14,js,fda90527,Christian Kumagai,2025-05-03,22:18:02,-07:00,2025-05-03T22:18:02-07:00,2,12
projects\projects.js,15,js,fda90527,Christian Kumagai,2025-05-03,22:18:02,-07:00,2025-05-03T22:18:02-07:00,2,9
projects\projects.js,16,js,fda90527,Christian Kumagai,2025-05-03,22:18:02,-07:00,2025-05-03T22:18:02-07:00,1,0
projects\projects.js,17,js,fda90527,Christian Kumagai,2025-05-03,22:18:02,-07:00,2025-05-03T22:18:02-07:00,0,0
projects\projects.js,18,js,fda90527,Christian Kumagai,2025-05-03,22:18:02,-07:00,2025-05-03T22:18:02-07:00,1,45
projects\projects.js,19,js,fda90527,Christian Kumagai,2025-05-03,22:18:02,-07:00,2025-05-03T22:18:02-07:00,2,10
projects\projects.js,20,js,fda90527,Christian Kumagai,2025-05-03,22:18:02,-07:00,2025-05-03T22:18:02-07:00,2,10
projects\projects.js,21,js,fda90527,Christian Kumagai,2025-05-03,22:18:02,-07:00,2025-05-03T22:18:02-07:00,1,2
projects\projects.js,22,js,fda90527,Christian Kumagai,2025-05-03,22:18:02,-07:00,2025-05-03T22:18:02-07:00,0,0
projects\projects.js,23,js,fda90527,Christian Kumagai,2025-05-03,22:18:02,-07:00,2025-05-03T22:18:02-07:00,1,47
projects\projects.js,24,js,fda90527,Christian Kumagai,2025-05-03,22:18:02,-07:00,2025-05-03T22:18:02-07:00,1,57
projects\projects.js,25,js,fda90527,Christian Kumagai,2025-05-03,22:18:02,-07:00,2025-05-03T22:18:02-07:00,1,48
projects\projects.js,26,js,fda90527,Christian Kumagai,2025-05-03,22:18:02,-07:00,2025-05-03T22:18:02-07:00,1,33
projects\projects.js,27,js,fda90527,Christian Kumagai,2025-05-03,22:18:02,-07:00,2025-05-03T22:18:02-07:00,0,0
projects\projects.js,28,js,fda90527,Christian Kumagai,2025-05-03,22:18:02,-07:00,2025-05-03T22:18:02-07:00,1,36
projects\projects.js,29,js,fda90527,Christian Kumagai,2025-05-03,22:18:02,-07:00,2025-05-03T22:18:02-07:00,1,29
projects\projects.js,30,js,fda90527,Christian Kumagai,2025-05-03,22:18:02,-07:00,2025-05-03T22:18:02-07:00,0,0
projects\projects.js,31,js,fda90527,Christian Kumagai,2025-05-03,22:18:02,-07:00,2025-05-03T22:18:02-07:00,1,25
projects\projects.js,32,js,fda90527,Christian Kumagai,2025-05-03,22:18:02,-07:00,2025-05-03T22:18:02-07:00,2,1
projects\projects.js,33,js,fda90527,Christian Kumagai,2025-05-03,22:18:02,-07:00,2025-05-03T22:18:02-07:00,3,13
projects\projects.js,34,js,fda90527,Christian Kumagai,2025-05-03,22:18:02,-07:00,2025-05-03T22:18:02-07:00,3,25
projects\projects.js,35,js,fda90527,Christian Kumagai,2025-05-03,22:18:02,-07:00,2025-05-03T22:18:02-07:00,3,22
projects\projects.js,36,js,fda90527,Christian Kumagai,2025-05-03,22:18:02,-07:00,2025-05-03T22:18:02-07:00,3,51
projects\projects.js,37,js,fda90527,Christian Kumagai,2025-05-03,22:18:02,-07:00,2025-05-03T22:18:02-07:00,3,18
projects\projects.js,38,js,fda90527,Christian Kumagai,2025-05-03,22:18:02,-07:00,2025-05-03T22:18:02-07:00,4,43
projects\projects.js,39,js,fda90527,Christian Kumagai,2025-05-03,22:18:02,-07:00,2025-05-03T22:18:02-07:00,0,0
projects\projects.js,40,js,fda90527,Christian Kumagai,2025-05-03,22:18:02,-07:00,2025-05-03T22:18:02-07:00,4,45
projects\projects.js,41,js,fda90527,Christian Kumagai,2025-05-03,22:18:02,-07:00,2025-05-03T22:18:02-07:00,5,37
projects\projects.js,42,js,fda90527,Christian Kumagai,2025-05-03,22:18:02,-07:00,2025-05-03T22:18:02-07:00,4,0
projects\projects.js,43,js,fda90527,Christian Kumagai,2025-05-03,22:18:02,-07:00,2025-05-03T22:18:02-07:00,4,60
projects\projects.js,44,js,fda90527,Christian Kumagai,2025-05-03,22:18:02,-07:00,2025-05-03T22:18:02-07:00,5,37
projects\projects.js,45,js,fda90527,Christian Kumagai,2025-05-03,22:18:02,-07:00,2025-05-03T22:18:02-07:00,4,0
projects\projects.js,46,js,fda90527,Christian Kumagai,2025-05-03,22:18:02,-07:00,2025-05-03T22:18:02-07:00,0,0
projects\projects.js,47,js,fda90527,Christian Kumagai,2025-05-03,22:18:02,-07:00,2025-05-03T22:18:02-07:00,4,25
projects\projects.js,48,js,fda90527,Christian Kumagai,2025-05-03,22:18:02,-07:00,2025-05-03T22:18:02-07:00,5,54
projects\projects.js,49,js,fda90527,Christian Kumagai,2025-05-03,22:18:02,-07:00,2025-05-03T22:18:02-07:00,4,6
projects\projects.js,50,js,fda90527,Christian Kumagai,2025-05-03,22:18:02,-07:00,2025-05-03T22:18:02-07:00,5,43
projects\projects.js,51,js,fda90527,Christian Kumagai,2025-05-03,22:18:02,-07:00,2025-05-03T22:18:02-07:00,5,65
projects\projects.js,52,js,fda90527,Christian Kumagai,2025-05-03,22:18:02,-07:00,2025-05-03T22:18:02-07:00,5,48
projects\projects.js,53,js,fda90527,Christian Kumagai,2025-05-03,22:18:02,-07:00,2025-05-03T22:18:02-07:00,4,0
projects\projects.js,54,js,fda90527,Christian Kumagai,2025-05-03,22:18:02,-07:00,2025-05-03T22:18:02-07:00,3,1
projects\projects.js,55,js,fda90527,Christian Kumagai,2025-05-03,22:18:02,-07:00,2025-05-03T22:18:02-07:00,1,1
projects\projects.js,56,js,fda90527,Christian Kumagai,2025-05-03,22:18:02,-07:00,2025-05-03T22:18:02-07:00,0,0
projects\projects.js,57,js,fda90527,Christian Kumagai,2025-05-03,22:18:02,-07:00,2025-05-03T22:18:02-07:00,1,32
projects\projects.js,58,js,fda90527,Christian Kumagai,2025-05-03,22:18:02,-07:00,2025-05-03T22:18:02-07:00,1,30
projects\projects.js,59,js,fda90527,Christian Kumagai,2025-05-03,22:18:02,-07:00,2025-05-03T22:18:02-07:00,0,0
projects\projects.js,60,js,fda90527,Christian Kumagai,2025-05-03,22:18:02,-07:00,2025-05-03T22:18:02-07:00,1,22
projects\projects.js,61,js,fda90527,Christian Kumagai,2025-05-03,22:18:02,-07:00,2025-05-03T22:18:02-07:00,2,4
projects\projects.js,62,js,fda90527,Christian Kumagai,2025-05-03,22:18:02,-07:00,2025-05-03T22:18:02-07:00,3,11
projects\projects.js,63,js,fda90527,Christian Kumagai,2025-05-03,22:18:02,-07:00,2025-05-03T22:18:02-07:00,3,36
projects\projects.js,64,js,fda90527,Christian Kumagai,2025-05-03,22:18:02,-07:00,2025-05-03T22:18:02-07:00,3,51
projects\projects.js,65,js,fda90527,Christian Kumagai,2025-05-03,22:18:02,-07:00,2025-05-03T22:18:02-07:00,3,68
projects\projects.js,66,js,fda90527,Christian Kumagai,2025-05-03,22:18:02,-07:00,2025-05-03T22:18:02-07:00,3,18
projects\projects.js,67,js,fda90527,Christian Kumagai,2025-05-03,22:18:02,-07:00,2025-05-03T22:18:02-07:00,4,43
projects\projects.js,68,js,fda90527,Christian Kumagai,2025-05-03,22:18:02,-07:00,2025-05-03T22:18:02-07:00,0,0
projects\projects.js,69,js,fda90527,Christian Kumagai,2025-05-03,22:18:02,-07:00,2025-05-03T22:18:02-07:00,4,45
projects\projects.js,70,js,fda90527,Christian Kumagai,2025-05-03,22:18:02,-07:00,2025-05-03T22:18:02-07:00,5,37
projects\projects.js,71,js,fda90527,Christian Kumagai,2025-05-03,22:18:02,-07:00,2025-05-03T22:18:02-07:00,4,0
projects\projects.js,72,js,fda90527,Christian Kumagai,2025-05-03,22:18:02,-07:00,2025-05-03T22:18:02-07:00,4,46
projects\projects.js,73,js,fda90527,Christian Kumagai,2025-05-03,22:18:02,-07:00,2025-05-03T22:18:02-07:00,5,37
projects\projects.js,74,js,fda90527,Christian Kumagai,2025-05-03,22:18:02,-07:00,2025-05-03T22:18:02-07:00,4,0
projects\projects.js,75,js,fda90527,Christian Kumagai,2025-05-03,22:18:02,-07:00,2025-05-03T22:18:02-07:00,0,0
projects\projects.js,76,js,fda90527,Christian Kumagai,2025-05-03,22:18:02,-07:00,2025-05-03T22:18:02-07:00,4,25
projects\projects.js,77,js,fda90527,Christian Kumagai,2025-05-03,22:18:02,-07:00,2025-05-03T22:18:02-07:00,5,54
projects\projects.js,78,js,fda90527,Christian Kumagai,2025-05-03,22:18:02,-07:00,2025-05-03T22:18:02-07:00,4,6
projects\projects.js,79,js,fda90527,Christian Kumagai,2025-05-03,22:18:02,-07:00,2025-05-03T22:18:02-07:00,5,43
projects\projects.js,80,js,fda90527,Christian Kumagai,2025-05-03,22:18:02,-07:00,2025-05-03T22:18:02-07:00,5,65
projects\projects.js,81,js,fda90527,Christian Kumagai,2025-05-03,22:18:02,-07:00,2025-05-03T22:18:02-07:00,5,48
projects\projects.js,82,js,fda90527,Christian Kumagai,2025-05-03,22:18:02,-07:00,2025-05-03T22:18:02-07:00,4,0
projects\projects.js,83,js,fda90527,Christian Kumagai,2025-05-03,22:18:02,-07:00,2025-05-03T22:18:02-07:00,3,1
projects\projects.js,84,js,fda90527,Christian Kumagai,2025-05-03,22:18:02,-07:00,2025-05-03T22:18:02-07:00,1,1
projects\projects.js,85,js,fda90527,Christian Kumagai,2025-05-03,22:18:02,-07:00,2025-05-03T22:18:02-07:00,0,0
projects\projects.js,86,js,fda90527,Christian Kumagai,2025-05-03,22:18:02,-07:00,2025-05-03T22:18:02-07:00,0,0
projects\projects.js,87,js,fda90527,Christian Kumagai,2025-05-03,22:18:02,-07:00,2025-05-03T22:18:02-07:00,0,29
projects\projects.js,88,js,fda90527,Christian Kumagai,2025-05-03,22:18:02,-07:00,2025-05-03T22:18:02-07:00,0,13
projects\projects.js,89,js,fda90527,Christian Kumagai,2025-05-03,22:18:02,-07:00,2025-05-03T22:18:02-07:00,0,55
projects\projects.js,90,js,fda90527,Christian Kumagai,2025-05-03,22:18:02,-07:00,2025-05-03T22:18:02-07:00,0,0
projects\projects.js,91,js,fda90527,Christian Kumagai,2025-05-03,22:18:02,-07:00,2025-05-03T22:18:02-07:00,0,47
projects\projects.js,92,js,fda90527,Christian Kumagai,2025-05-03,22:18:02,-07:00,2025-05-03T22:18:02-07:00,1,39
projects\projects.js,93,js,fda90527,Christian Kumagai,2025-05-03,22:18:02,-07:00,2025-05-03T22:18:02-07:00,1,49
projects\projects.js,94,js,fda90527,Christian Kumagai,2025-05-03,22:18:02,-07:00,2025-05-03T22:18:02-07:00,2,59
projects\projects.js,95,js,fda90527,Christian Kumagai,2025-05-03,22:18:02,-07:00,2025-05-03T22:18:02-07:00,2,28
projects\projects.js,96,js,fda90527,Christian Kumagai,2025-05-03,22:18:02,-07:00,2025-05-03T22:18:02-07:00,1,1
projects\projects.js,97,js,fda90527,Christian Kumagai,2025-05-03,22:18:02,-07:00,2025-05-03T22:18:02-07:00,1,56
projects\projects.js,98,js,fda90527,Christian Kumagai,2025-05-03,22:18:02,-07:00,2025-05-03T22:18:02-07:00,1,31
projects\projects.js,99,js,fda90527,Christian Kumagai,2025-05-03,22:18:02,-07:00,2025-05-03T22:18:02-07:00,0,1
projects\projects.js,100,js,fda90527,Christian Kumagai,2025-05-03,22:18:02,-07:00,2025-05-03T22:18:02-07:00,0,0
projects\projects.js,101,js,fda90527,Christian Kumagai,2025-05-03,22:18:02,-07:00,2025-05-03T22:18:02-07:00,0,15
projects\projects.js,102,js,fda90527,Christian Kumagai,2025-05-03,22:18:02,-07:00,2025-05-03T22:18:02-07:00,0,48
projects\projects.js,103,js,fda90527,Christian Kumagai,2025-05-03,22:18:02,-07:00,2025-05-03T22:18:02-07:00,0,23
projects\index.html,1,html,501eda0b,Christian Kumagai,2025-04-03,21:54:19,-07:00,2025-04-03T21:54:19-07:00,0,13
projects\index.html,2,html,501eda0b,Christian Kumagai,2025-04-03,21:54:19,-07:00,2025-04-03T21:54:19-07:00,0,14
projects\index.html,3,html,501eda0b,Christian Kumagai,2025-04-03,21:54:19,-07:00,2025-04-03T21:54:19-07:00,0,4
projects\index.html,4,html,fda90527,Christian Kumagai,2025-05-03,22:18:02,-07:00,2025-05-03T22:18:02-07:00,1,20
projects\index.html,5,html,fda90527,Christian Kumagai,2025-05-03,22:18:02,-07:00,2025-05-03T22:18:02-07:00,1,68
projects\index.html,6,html,fda90527,Christian Kumagai,2025-05-03,22:18:02,-07:00,2025-05-03T22:18:02-07:00,1,19
projects\index.html,7,html,fda90527,Christian Kumagai,2025-05-03,22:18:02,-07:00,2025-05-03T22:18:02-07:00,1,41
projects\index.html,8,html,501eda0b,Christian Kumagai,2025-04-03,21:54:19,-07:00,2025-04-03T21:54:19-07:00,0,5
projects\index.html,9,html,501eda0b,Christian Kumagai,2025-04-03,21:54:19,-07:00,2025-04-03T21:54:19-07:00,0,4
projects\index.html,10,html,fda90527,Christian Kumagai,2025-05-03,22:18:02,-07:00,2025-05-03T22:18:02-07:00,1,36
projects\index.html,11,html,d4b8a385,Christian Kumagai,2025-04-26,19:38:52,-07:00,2025-04-26T19:38:52-07:00,0,0
projects\index.html,12,html,fda90527,Christian Kumagai,2025-05-03,22:18:02,-07:00,2025-05-03T22:18:02-07:00,1,33
projects\index.html,13,html,fda90527,Christian Kumagai,2025-05-03,22:18:02,-07:00,2025-05-03T22:18:02-07:00,1,54
projects\index.html,14,html,e0b0cfac,Christian Kumagai,2025-04-09,20:44:21,-07:00,2025-04-09T20:44:21-07:00,0,0
projects\index.html,15,html,fda90527,Christian Kumagai,2025-05-03,22:18:02,-07:00,2025-05-03T22:18:02-07:00,1,22
projects\index.html,16,html,891671cb,Christian Kumagai,2025-04-03,22:06:45,-07:00,2025-04-03T22:06:45-07:00,0,0
projects\index.html,17,html,fda90527,Christian Kumagai,2025-05-03,22:18:02,-07:00,2025-05-03T22:18:02-07:00,1,4
projects\index.html,18,html,fda90527,Christian Kumagai,2025-05-03,22:18:02,-07:00,2025-05-03T22:18:02-07:00,2,15
projects\index.html,19,html,fda90527,Christian Kumagai,2025-05-03,22:18:02,-07:00,2025-05-03T22:18:02-07:00,2,11
projects\index.html,20,html,fda90527,Christian Kumagai,2025-05-03,22:18:02,-07:00,2025-05-03T22:18:02-07:00,2,26
projects\index.html,21,html,fda90527,Christian Kumagai,2025-05-03,22:18:02,-07:00,2025-05-03T22:18:02-07:00,2,31
projects\index.html,22,html,fda90527,Christian Kumagai,2025-05-03,22:18:02,-07:00,2025-05-03T22:18:02-07:00,1,0
projects\index.html,23,html,d4b8a385,Christian Kumagai,2025-04-26,19:38:52,-07:00,2025-04-26T19:38:52-07:00,0,0
projects\index.html,24,html,fda90527,Christian Kumagai,2025-05-03,22:18:02,-07:00,2025-05-03T22:18:02-07:00,1,42
projects\index.html,25,html,fda90527,Christian Kumagai,2025-05-03,22:18:02,-07:00,2025-05-03T22:18:02-07:00,1,26
projects\index.html,26,html,fda90527,Christian Kumagai,2025-05-03,22:18:02,-07:00,2025-05-03T22:18:02-07:00,0,0
projects\index.html,27,html,fda90527,Christian Kumagai,2025-05-03,22:18:02,-07:00,2025-05-03T22:18:02-07:00,1,39
projects\index.html,28,html,fda90527,Christian Kumagai,2025-05-03,22:18:02,-07:00,2025-05-03T22:18:02-07:00,1,56
projects\index.html,29,html,fda90527,Christian Kumagai,2025-05-03,22:18:02,-07:00,2025-05-03T22:18:02-07:00,3,28
projects\index.html,30,html,fda90527,Christian Kumagai,2025-05-03,22:18:02,-07:00,2025-05-03T22:18:02-07:00,3,37
projects\index.html,31,html,fda90527,Christian Kumagai,2025-05-03,22:18:02,-07:00,2025-05-03T22:18:02-07:00,0,0
projects\index.html,32,html,fda90527,Christian Kumagai,2025-05-03,22:18:02,-07:00,2025-05-03T22:18:02-07:00,1,48
projects\index.html,33,html,fda90527,Christian Kumagai,2025-05-03,22:18:02,-07:00,2025-05-03T22:18:02-07:00,1,47
projects\index.html,34,html,501eda0b,Christian Kumagai,2025-04-03,21:54:19,-07:00,2025-04-03T21:54:19-07:00,0,5
projects\index.html,35,html,fda90527,Christian Kumagai,2025-05-03,22:18:02,-07:00,2025-05-03T22:18:02-07:00,0,5
contract\index.html,1,html,fbd75665,Christian Kumagai,2025-04-03,22:03:21,-07:00,2025-04-03T22:03:21-07:00,0,13
contract\index.html,2,html,fbd75665,Christian Kumagai,2025-04-03,22:03:21,-07:00,2025-04-03T22:03:21-07:00,0,14
contract\index.html,3,html,fbd75665,Christian Kumagai,2025-04-03,22:03:21,-07:00,2025-04-03T22:03:21-07:00,0,4
contract\index.html,4,html,87ada7ff,Christian Kumagai,2025-04-17,20:12:52,-07:00,2025-04-17T20:12:52-07:00,1,22
contract\index.html,5,html,87ada7ff,Christian Kumagai,2025-04-17,20:12:52,-07:00,2025-04-17T20:12:52-07:00,1,70
contract\index.html,6,html,87ada7ff,Christian Kumagai,2025-04-17,20:12:52,-07:00,2025-04-17T20:12:52-07:00,1,20
contract\index.html,7,html,87ada7ff,Christian Kumagai,2025-04-17,20:12:52,-07:00,2025-04-17T20:12:52-07:00,1,43
contract\index.html,8,html,fbd75665,Christian Kumagai,2025-04-03,22:03:21,-07:00,2025-04-03T22:03:21-07:00,0,5
contract\index.html,9,html,fbd75665,Christian Kumagai,2025-04-03,22:03:21,-07:00,2025-04-03T22:03:21-07:00,0,4
contract\index.html,10,html,fbd75665,Christian Kumagai,2025-04-03,22:03:21,-07:00,2025-04-03T22:03:21-07:00,0,0
contract\index.html,11,html,87ada7ff,Christian Kumagai,2025-04-17,20:12:52,-07:00,2025-04-17T20:12:52-07:00,1,14
contract\index.html,12,html,fbd75665,Christian Kumagai,2025-04-03,22:03:21,-07:00,2025-04-03T22:03:21-07:00,0,0
contract\index.html,13,html,87ada7ff,Christian Kumagai,2025-04-17,20:12:52,-07:00,2025-04-17T20:12:52-07:00,1,51
contract\index.html,14,html,87ada7ff,Christian Kumagai,2025-04-17,20:12:52,-07:00,2025-04-17T20:12:52-07:00,2,5
contract\index.html,15,html,87ada7ff,Christian Kumagai,2025-04-17,20:12:52,-07:00,2025-04-17T20:12:52-07:00,3,6
contract\index.html,16,html,87ada7ff,Christian Kumagai,2025-04-17,20:12:52,-07:00,2025-04-17T20:12:52-07:00,3,54
contract\index.html,17,html,87ada7ff,Christian Kumagai,2025-04-17,20:12:52,-07:00,2025-04-17T20:12:52-07:00,2,6
contract\index.html,18,html,87ada7ff,Christian Kumagai,2025-04-17,20:12:52,-07:00,2025-04-17T20:12:52-07:00,2,6
contract\index.html,19,html,87ada7ff,Christian Kumagai,2025-04-17,20:12:52,-07:00,2025-04-17T20:12:52-07:00,0,0
contract\index.html,20,html,87ada7ff,Christian Kumagai,2025-04-17,20:12:52,-07:00,2025-04-17T20:12:52-07:00,2,5
contract\index.html,21,html,87ada7ff,Christian Kumagai,2025-04-17,20:12:52,-07:00,2025-04-17T20:12:52-07:00,3,6
contract\index.html,22,html,87ada7ff,Christian Kumagai,2025-04-17,20:12:52,-07:00,2025-04-17T20:12:52-07:00,3,66
contract\index.html,23,html,87ada7ff,Christian Kumagai,2025-04-17,20:12:52,-07:00,2025-04-17T20:12:52-07:00,2,6
contract\index.html,24,html,87ada7ff,Christian Kumagai,2025-04-17,20:12:52,-07:00,2025-04-17T20:12:52-07:00,2,6
contract\index.html,25,html,87ada7ff,Christian Kumagai,2025-04-17,20:12:52,-07:00,2025-04-17T20:12:52-07:00,0,0
contract\index.html,26,html,87ada7ff,Christian Kumagai,2025-04-17,20:12:52,-07:00,2025-04-17T20:12:52-07:00,2,33
contract\index.html,27,html,87ada7ff,Christian Kumagai,2025-04-17,20:12:52,-07:00,2025-04-17T20:12:52-07:00,1,5
contract\index.html,28,html,87ada7ff,Christian Kumagai,2025-04-17,20:12:52,-07:00,2025-04-17T20:12:52-07:00,0,0
contract\index.html,29,html,87ada7ff,Christian Kumagai,2025-04-17,20:12:52,-07:00,2025-04-17T20:12:52-07:00,1,48
contract\index.html,30,html,fbd75665,Christian Kumagai,2025-04-03,22:03:21,-07:00,2025-04-03T22:03:21-07:00,0,5
contract\index.html,31,html,87ada7ff,Christian Kumagai,2025-04-17,20:12:52,-07:00,2025-04-17T20:12:52-07:00,0,5
